-- phpMyAdmin SQL Dump
-- version 5.2.1
-- https://www.phpmyadmin.net/
--
-- Host: 127.0.0.1
-- Generation Time: Nov 20, 2025 at 10:42 AM
-- Server version: 10.4.32-MariaDB
-- PHP Version: 8.2.12

SET SQL_MODE = "NO_AUTO_VALUE_ON_ZERO";
START TRANSACTION;
SET time_zone = "+00:00";


/*!40101 SET @OLD_CHARACTER_SET_CLIENT=@@CHARACTER_SET_CLIENT */;
/*!40101 SET @OLD_CHARACTER_SET_RESULTS=@@CHARACTER_SET_RESULTS */;
/*!40101 SET @OLD_COLLATION_CONNECTION=@@COLLATION_CONNECTION */;
/*!40101 SET NAMES utf8mb4 */;

--
-- Database: `employee_information_table`
--
CREATE DATABASE IF NOT EXISTS `employee_information_table` DEFAULT CHARACTER SET utf8mb4 COLLATE utf8mb4_general_ci;
USE `employee_information_table`;

-- --------------------------------------------------------

--
-- Table structure for table `employee_information_table`
--

CREATE TABLE `employee_information_table` (
  `empno` int(11) NOT NULL,
  `first_name` varchar(50) DEFAULT NULL,
  `last_name` varchar(50) DEFAULT NULL,
  `designation` varchar(50) DEFAULT NULL,
  `hiredate` date DEFAULT NULL,
  `salary` int(11) DEFAULT NULL,
  `comm` int(11) DEFAULT NULL,
  `deptno` int(11) DEFAULT NULL
) ENGINE=InnoDB DEFAULT CHARSET=utf8mb4 COLLATE=utf8mb4_general_ci;

--
-- Dumping data for table `employee_information_table`
--

INSERT INTO `employee_information_table` (`empno`, `first_name`, `last_name`, `designation`, `hiredate`, `salary`, `comm`, `deptno`) VALUES
(1001, 'STEFAN', 'SALVATORE', 'BUSINESS ANALYST', '1997-11-17', 50000, NULL, 40),
(1002, 'DIANA', 'LORRENCE', 'TECHNICAL ARCHITECT', '2000-05-01', 70000, NULL, 10),
(1003, 'JAMES', 'MADINSAON', 'MANAGER', '1988-06-19', 80400, NULL, 40),
(1004, 'JONES', 'NICK', 'HR ANALYST', '2003-01-02', 47000, NULL, 30),
(1005, 'LUCY', 'GELLER', 'HR ASSOCIATE', '1985-07-13', 35000, 200, 30),
(1006, 'ISAAC', 'STEFAN', 'TRAINEE', '2015-12-13', 20000, NULL, 40),
(1007, 'JOHN', 'SMITH', 'CLERK', '2005-12-13', 12000, NULL, 10),
(1008, 'NANCY', 'GILLBERT', 'SALESMAN', '1981-02-20', 18000, 300, 10);

--
-- Indexes for dumped tables
--

--
-- Indexes for table `employee_information_table`
--
ALTER TABLE `employee_information_table`
  ADD PRIMARY KEY (`empno`);

--
-- AUTO_INCREMENT for dumped tables
--

--
-- AUTO_INCREMENT for table `employee_information_table`
--
ALTER TABLE `employee_information_table`
  MODIFY `empno` int(11) NOT NULL AUTO_INCREMENT, AUTO_INCREMENT=1009;
--
-- Database: `library_db`
--
CREATE DATABASE IF NOT EXISTS `library_db` DEFAULT CHARACTER SET utf8mb4 COLLATE utf8mb4_general_ci;
USE `library_db`;

-- --------------------------------------------------------

--
-- Table structure for table `authors`
--

CREATE TABLE `authors` (
  `author_id` int(11) NOT NULL,
  `first_name` varchar(50) DEFAULT NULL,
  `last_name` varchar(50) DEFAULT NULL,
  `country` varchar(50) DEFAULT NULL
) ENGINE=InnoDB DEFAULT CHARSET=utf8mb4 COLLATE=utf8mb4_general_ci;

--
-- Dumping data for table `authors`
--

INSERT INTO `authors` (`author_id`, `first_name`, `last_name`, `country`) VALUES
(1, 'George', 'Orwell', 'United Kingdom'),
(2, 'Mark', 'Johnson', 'United States'),
(3, 'Agatha', 'Christie', 'United Kingdom');

-- --------------------------------------------------------

--
-- Table structure for table `books`
--

CREATE TABLE `books` (
  `book_id` int(11) NOT NULL,
  `title` varchar(100) DEFAULT NULL,
  `author` varchar(50) DEFAULT NULL,
  `publisher` varchar(50) DEFAULT NULL,
  `year_of_publication` year(4) DEFAULT NULL,
  `price` decimal(6,2) DEFAULT NULL,
  `genre` varchar(50) DEFAULT NULL
) ;

--
-- Dumping data for table `books`
--

INSERT INTO `books` (`book_id`, `title`, `author`, `publisher`, `year_of_publication`, `price`, `genre`) VALUES
(2, 'Lord of Rings', 'J.R.R. Tolkien', 'Allen & Unwin', '1954', 660.00, 'Fantasy'),
(3, 'The Alchemist', 'Paulo Coelho', 'HarperCollins', '1990', 330.00, 'Fiction'),
(4, 'Pride & Prejudice', 'Jane Austen', 'T. Egerton', '2020', 250.00, 'Romance'),
(5, 'Inferno', 'Dan Brown', 'Doubleday', '2013', 495.00, 'Thriller');

-- --------------------------------------------------------

--
-- Table structure for table `members_backup`
--

CREATE TABLE `members_backup` (
  `member_id` int(11) NOT NULL,
  `member_name` varchar(50) DEFAULT NULL,
  `date_of_membership` date DEFAULT NULL,
  `email` varchar(100) DEFAULT NULL
) ENGINE=InnoDB DEFAULT CHARSET=utf8mb4 COLLATE=utf8mb4_general_ci;

--
-- Dumping data for table `members_backup`
--

INSERT INTO `members_backup` (`member_id`, `member_name`, `date_of_membership`, `email`) VALUES
(1, 'Alice', '2025-01-10', 'alice@example.com'),
(2, 'Bob', '2025-02-15', 'bob@example.com'),
(3, 'Charlie', '2025-03-20', 'charlie@example.com'),
(4, 'David', '2025-04-25', 'david@example.com'),
(5, 'Eva', '2025-05-30', 'eva@example.com');

--
-- Indexes for dumped tables
--

--
-- Indexes for table `authors`
--
ALTER TABLE `authors`
  ADD PRIMARY KEY (`author_id`);

--
-- Indexes for table `books`
--
ALTER TABLE `books`
  ADD PRIMARY KEY (`book_id`);
--
-- Database: `phpmyadmin`
--
CREATE DATABASE IF NOT EXISTS `phpmyadmin` DEFAULT CHARACTER SET utf8 COLLATE utf8_bin;
USE `phpmyadmin`;

-- --------------------------------------------------------

--
-- Table structure for table `pma__bookmark`
--

CREATE TABLE `pma__bookmark` (
  `id` int(10) UNSIGNED NOT NULL,
  `dbase` varchar(255) NOT NULL DEFAULT '',
  `user` varchar(255) NOT NULL DEFAULT '',
  `label` varchar(255) CHARACTER SET utf8 COLLATE utf8_general_ci NOT NULL DEFAULT '',
  `query` text NOT NULL
) ENGINE=InnoDB DEFAULT CHARSET=utf8 COLLATE=utf8_bin COMMENT='Bookmarks';

-- --------------------------------------------------------

--
-- Table structure for table `pma__central_columns`
--

CREATE TABLE `pma__central_columns` (
  `db_name` varchar(64) NOT NULL,
  `col_name` varchar(64) NOT NULL,
  `col_type` varchar(64) NOT NULL,
  `col_length` text DEFAULT NULL,
  `col_collation` varchar(64) NOT NULL,
  `col_isNull` tinyint(1) NOT NULL,
  `col_extra` varchar(255) DEFAULT '',
  `col_default` text DEFAULT NULL
) ENGINE=InnoDB DEFAULT CHARSET=utf8 COLLATE=utf8_bin COMMENT='Central list of columns';

-- --------------------------------------------------------

--
-- Table structure for table `pma__column_info`
--

CREATE TABLE `pma__column_info` (
  `id` int(5) UNSIGNED NOT NULL,
  `db_name` varchar(64) NOT NULL DEFAULT '',
  `table_name` varchar(64) NOT NULL DEFAULT '',
  `column_name` varchar(64) NOT NULL DEFAULT '',
  `comment` varchar(255) CHARACTER SET utf8 COLLATE utf8_general_ci NOT NULL DEFAULT '',
  `mimetype` varchar(255) CHARACTER SET utf8 COLLATE utf8_general_ci NOT NULL DEFAULT '',
  `transformation` varchar(255) NOT NULL DEFAULT '',
  `transformation_options` varchar(255) NOT NULL DEFAULT '',
  `input_transformation` varchar(255) NOT NULL DEFAULT '',
  `input_transformation_options` varchar(255) NOT NULL DEFAULT ''
) ENGINE=InnoDB DEFAULT CHARSET=utf8 COLLATE=utf8_bin COMMENT='Column information for phpMyAdmin';

-- --------------------------------------------------------

--
-- Table structure for table `pma__designer_settings`
--

CREATE TABLE `pma__designer_settings` (
  `username` varchar(64) NOT NULL,
  `settings_data` text NOT NULL
) ENGINE=InnoDB DEFAULT CHARSET=utf8 COLLATE=utf8_bin COMMENT='Settings related to Designer';

-- --------------------------------------------------------

--
-- Table structure for table `pma__export_templates`
--

CREATE TABLE `pma__export_templates` (
  `id` int(5) UNSIGNED NOT NULL,
  `username` varchar(64) NOT NULL,
  `export_type` varchar(10) NOT NULL,
  `template_name` varchar(64) NOT NULL,
  `template_data` text NOT NULL
) ENGINE=InnoDB DEFAULT CHARSET=utf8 COLLATE=utf8_bin COMMENT='Saved export templates';

-- --------------------------------------------------------

--
-- Table structure for table `pma__favorite`
--

CREATE TABLE `pma__favorite` (
  `username` varchar(64) NOT NULL,
  `tables` text NOT NULL
) ENGINE=InnoDB DEFAULT CHARSET=utf8 COLLATE=utf8_bin COMMENT='Favorite tables';

-- --------------------------------------------------------

--
-- Table structure for table `pma__history`
--

CREATE TABLE `pma__history` (
  `id` bigint(20) UNSIGNED NOT NULL,
  `username` varchar(64) NOT NULL DEFAULT '',
  `db` varchar(64) NOT NULL DEFAULT '',
  `table` varchar(64) NOT NULL DEFAULT '',
  `timevalue` timestamp NOT NULL DEFAULT current_timestamp(),
  `sqlquery` text NOT NULL
) ENGINE=InnoDB DEFAULT CHARSET=utf8 COLLATE=utf8_bin COMMENT='SQL history for phpMyAdmin';

-- --------------------------------------------------------

--
-- Table structure for table `pma__navigationhiding`
--

CREATE TABLE `pma__navigationhiding` (
  `username` varchar(64) NOT NULL,
  `item_name` varchar(64) NOT NULL,
  `item_type` varchar(64) NOT NULL,
  `db_name` varchar(64) NOT NULL,
  `table_name` varchar(64) NOT NULL
) ENGINE=InnoDB DEFAULT CHARSET=utf8 COLLATE=utf8_bin COMMENT='Hidden items of navigation tree';

-- --------------------------------------------------------

--
-- Table structure for table `pma__pdf_pages`
--

CREATE TABLE `pma__pdf_pages` (
  `db_name` varchar(64) NOT NULL DEFAULT '',
  `page_nr` int(10) UNSIGNED NOT NULL,
  `page_descr` varchar(50) CHARACTER SET utf8 COLLATE utf8_general_ci NOT NULL DEFAULT ''
) ENGINE=InnoDB DEFAULT CHARSET=utf8 COLLATE=utf8_bin COMMENT='PDF relation pages for phpMyAdmin';

-- --------------------------------------------------------

--
-- Table structure for table `pma__recent`
--

CREATE TABLE `pma__recent` (
  `username` varchar(64) NOT NULL,
  `tables` text NOT NULL
) ENGINE=InnoDB DEFAULT CHARSET=utf8 COLLATE=utf8_bin COMMENT='Recently accessed tables';

--
-- Dumping data for table `pma__recent`
--

INSERT INTO `pma__recent` (`username`, `tables`) VALUES
('root', '[{\"db\":\"library_db\",\"table\":\"books\"},{\"db\":\"library_db\",\"table\":\"authors\"},{\"db\":\"library_db\",\"table\":\"members_backup\"},{\"db\":\"library_db\",\"table\":\"members\"},{\"db\":\"library_db\",\"table\":\"publisher\"},{\"db\":\"mysql\",\"table\":\"user\"},{\"db\":\"school_db\",\"table\":\"departments\"},{\"db\":\"school_db\",\"table\":\"employees\"},{\"db\":\"school_db\",\"table\":\"employee_log\"},{\"db\":\"school_db\",\"table\":\"employee_department_view\"}]');

-- --------------------------------------------------------

--
-- Table structure for table `pma__relation`
--

CREATE TABLE `pma__relation` (
  `master_db` varchar(64) NOT NULL DEFAULT '',
  `master_table` varchar(64) NOT NULL DEFAULT '',
  `master_field` varchar(64) NOT NULL DEFAULT '',
  `foreign_db` varchar(64) NOT NULL DEFAULT '',
  `foreign_table` varchar(64) NOT NULL DEFAULT '',
  `foreign_field` varchar(64) NOT NULL DEFAULT ''
) ENGINE=InnoDB DEFAULT CHARSET=utf8 COLLATE=utf8_bin COMMENT='Relation table';

-- --------------------------------------------------------

--
-- Table structure for table `pma__savedsearches`
--

CREATE TABLE `pma__savedsearches` (
  `id` int(5) UNSIGNED NOT NULL,
  `username` varchar(64) NOT NULL DEFAULT '',
  `db_name` varchar(64) NOT NULL DEFAULT '',
  `search_name` varchar(64) NOT NULL DEFAULT '',
  `search_data` text NOT NULL
) ENGINE=InnoDB DEFAULT CHARSET=utf8 COLLATE=utf8_bin COMMENT='Saved searches';

-- --------------------------------------------------------

--
-- Table structure for table `pma__table_coords`
--

CREATE TABLE `pma__table_coords` (
  `db_name` varchar(64) NOT NULL DEFAULT '',
  `table_name` varchar(64) NOT NULL DEFAULT '',
  `pdf_page_number` int(11) NOT NULL DEFAULT 0,
  `x` float UNSIGNED NOT NULL DEFAULT 0,
  `y` float UNSIGNED NOT NULL DEFAULT 0
) ENGINE=InnoDB DEFAULT CHARSET=utf8 COLLATE=utf8_bin COMMENT='Table coordinates for phpMyAdmin PDF output';

-- --------------------------------------------------------

--
-- Table structure for table `pma__table_info`
--

CREATE TABLE `pma__table_info` (
  `db_name` varchar(64) NOT NULL DEFAULT '',
  `table_name` varchar(64) NOT NULL DEFAULT '',
  `display_field` varchar(64) NOT NULL DEFAULT ''
) ENGINE=InnoDB DEFAULT CHARSET=utf8 COLLATE=utf8_bin COMMENT='Table information for phpMyAdmin';

-- --------------------------------------------------------

--
-- Table structure for table `pma__table_uiprefs`
--

CREATE TABLE `pma__table_uiprefs` (
  `username` varchar(64) NOT NULL,
  `db_name` varchar(64) NOT NULL,
  `table_name` varchar(64) NOT NULL,
  `prefs` text NOT NULL,
  `last_update` timestamp NOT NULL DEFAULT current_timestamp() ON UPDATE current_timestamp()
) ENGINE=InnoDB DEFAULT CHARSET=utf8 COLLATE=utf8_bin COMMENT='Tables'' UI preferences';

-- --------------------------------------------------------

--
-- Table structure for table `pma__tracking`
--

CREATE TABLE `pma__tracking` (
  `db_name` varchar(64) NOT NULL,
  `table_name` varchar(64) NOT NULL,
  `version` int(10) UNSIGNED NOT NULL,
  `date_created` datetime NOT NULL,
  `date_updated` datetime NOT NULL,
  `schema_snapshot` text NOT NULL,
  `schema_sql` text DEFAULT NULL,
  `data_sql` longtext DEFAULT NULL,
  `tracking` set('UPDATE','REPLACE','INSERT','DELETE','TRUNCATE','CREATE DATABASE','ALTER DATABASE','DROP DATABASE','CREATE TABLE','ALTER TABLE','RENAME TABLE','DROP TABLE','CREATE INDEX','DROP INDEX','CREATE VIEW','ALTER VIEW','DROP VIEW') DEFAULT NULL,
  `tracking_active` int(1) UNSIGNED NOT NULL DEFAULT 1
) ENGINE=InnoDB DEFAULT CHARSET=utf8 COLLATE=utf8_bin COMMENT='Database changes tracking for phpMyAdmin';

-- --------------------------------------------------------

--
-- Table structure for table `pma__userconfig`
--

CREATE TABLE `pma__userconfig` (
  `username` varchar(64) NOT NULL,
  `timevalue` timestamp NOT NULL DEFAULT current_timestamp() ON UPDATE current_timestamp(),
  `config_data` text NOT NULL
) ENGINE=InnoDB DEFAULT CHARSET=utf8 COLLATE=utf8_bin COMMENT='User preferences storage for phpMyAdmin';

--
-- Dumping data for table `pma__userconfig`
--

INSERT INTO `pma__userconfig` (`username`, `timevalue`, `config_data`) VALUES
('root', '2025-11-20 07:48:21', '{\"Console\\/Mode\":\"collapse\"}');

-- --------------------------------------------------------

--
-- Table structure for table `pma__usergroups`
--

CREATE TABLE `pma__usergroups` (
  `usergroup` varchar(64) NOT NULL,
  `tab` varchar(64) NOT NULL,
  `allowed` enum('Y','N') NOT NULL DEFAULT 'N'
) ENGINE=InnoDB DEFAULT CHARSET=utf8 COLLATE=utf8_bin COMMENT='User groups with configured menu items';

-- --------------------------------------------------------

--
-- Table structure for table `pma__users`
--

CREATE TABLE `pma__users` (
  `username` varchar(64) NOT NULL,
  `usergroup` varchar(64) NOT NULL
) ENGINE=InnoDB DEFAULT CHARSET=utf8 COLLATE=utf8_bin COMMENT='Users and their assignments to user groups';

--
-- Indexes for dumped tables
--

--
-- Indexes for table `pma__bookmark`
--
ALTER TABLE `pma__bookmark`
  ADD PRIMARY KEY (`id`);

--
-- Indexes for table `pma__central_columns`
--
ALTER TABLE `pma__central_columns`
  ADD PRIMARY KEY (`db_name`,`col_name`);

--
-- Indexes for table `pma__column_info`
--
ALTER TABLE `pma__column_info`
  ADD PRIMARY KEY (`id`),
  ADD UNIQUE KEY `db_name` (`db_name`,`table_name`,`column_name`);

--
-- Indexes for table `pma__designer_settings`
--
ALTER TABLE `pma__designer_settings`
  ADD PRIMARY KEY (`username`);

--
-- Indexes for table `pma__export_templates`
--
ALTER TABLE `pma__export_templates`
  ADD PRIMARY KEY (`id`),
  ADD UNIQUE KEY `u_user_type_template` (`username`,`export_type`,`template_name`);

--
-- Indexes for table `pma__favorite`
--
ALTER TABLE `pma__favorite`
  ADD PRIMARY KEY (`username`);

--
-- Indexes for table `pma__history`
--
ALTER TABLE `pma__history`
  ADD PRIMARY KEY (`id`),
  ADD KEY `username` (`username`,`db`,`table`,`timevalue`);

--
-- Indexes for table `pma__navigationhiding`
--
ALTER TABLE `pma__navigationhiding`
  ADD PRIMARY KEY (`username`,`item_name`,`item_type`,`db_name`,`table_name`);

--
-- Indexes for table `pma__pdf_pages`
--
ALTER TABLE `pma__pdf_pages`
  ADD PRIMARY KEY (`page_nr`),
  ADD KEY `db_name` (`db_name`);

--
-- Indexes for table `pma__recent`
--
ALTER TABLE `pma__recent`
  ADD PRIMARY KEY (`username`);

--
-- Indexes for table `pma__relation`
--
ALTER TABLE `pma__relation`
  ADD PRIMARY KEY (`master_db`,`master_table`,`master_field`),
  ADD KEY `foreign_field` (`foreign_db`,`foreign_table`);

--
-- Indexes for table `pma__savedsearches`
--
ALTER TABLE `pma__savedsearches`
  ADD PRIMARY KEY (`id`),
  ADD UNIQUE KEY `u_savedsearches_username_dbname` (`username`,`db_name`,`search_name`);

--
-- Indexes for table `pma__table_coords`
--
ALTER TABLE `pma__table_coords`
  ADD PRIMARY KEY (`db_name`,`table_name`,`pdf_page_number`);

--
-- Indexes for table `pma__table_info`
--
ALTER TABLE `pma__table_info`
  ADD PRIMARY KEY (`db_name`,`table_name`);

--
-- Indexes for table `pma__table_uiprefs`
--
ALTER TABLE `pma__table_uiprefs`
  ADD PRIMARY KEY (`username`,`db_name`,`table_name`);

--
-- Indexes for table `pma__tracking`
--
ALTER TABLE `pma__tracking`
  ADD PRIMARY KEY (`db_name`,`table_name`,`version`);

--
-- Indexes for table `pma__userconfig`
--
ALTER TABLE `pma__userconfig`
  ADD PRIMARY KEY (`username`);

--
-- Indexes for table `pma__usergroups`
--
ALTER TABLE `pma__usergroups`
  ADD PRIMARY KEY (`usergroup`,`tab`,`allowed`);

--
-- Indexes for table `pma__users`
--
ALTER TABLE `pma__users`
  ADD PRIMARY KEY (`username`,`usergroup`);

--
-- AUTO_INCREMENT for dumped tables
--

--
-- AUTO_INCREMENT for table `pma__bookmark`
--
ALTER TABLE `pma__bookmark`
  MODIFY `id` int(10) UNSIGNED NOT NULL AUTO_INCREMENT;

--
-- AUTO_INCREMENT for table `pma__column_info`
--
ALTER TABLE `pma__column_info`
  MODIFY `id` int(5) UNSIGNED NOT NULL AUTO_INCREMENT;

--
-- AUTO_INCREMENT for table `pma__export_templates`
--
ALTER TABLE `pma__export_templates`
  MODIFY `id` int(5) UNSIGNED NOT NULL AUTO_INCREMENT;

--
-- AUTO_INCREMENT for table `pma__history`
--
ALTER TABLE `pma__history`
  MODIFY `id` bigint(20) UNSIGNED NOT NULL AUTO_INCREMENT;

--
-- AUTO_INCREMENT for table `pma__pdf_pages`
--
ALTER TABLE `pma__pdf_pages`
  MODIFY `page_nr` int(10) UNSIGNED NOT NULL AUTO_INCREMENT;

--
-- AUTO_INCREMENT for table `pma__savedsearches`
--
ALTER TABLE `pma__savedsearches`
  MODIFY `id` int(5) UNSIGNED NOT NULL AUTO_INCREMENT;
--
-- Database: `school_db`
--
CREATE DATABASE IF NOT EXISTS `school_db` DEFAULT CHARACTER SET utf8mb4 COLLATE utf8mb4_general_ci;
USE `school_db`;

-- --------------------------------------------------------

--
-- Table structure for table `courses`
--

CREATE TABLE `courses` (
  `course_id` int(11) NOT NULL,
  `course_name` varchar(100) DEFAULT NULL,
  `course_duration` varchar(50) DEFAULT NULL
) ENGINE=InnoDB DEFAULT CHARSET=utf8mb4 COLLATE=utf8mb4_general_ci;

--
-- Dumping data for table `courses`
--

INSERT INTO `courses` (`course_id`, `course_name`, `course_duration`) VALUES
(101, 'Computer Science Basics', '3 Months'),
(102, 'Database Management', '3.5 Months'),
(104, 'Cyber Security', '2 Months'),
(105, 'Data Analytics', '3 Months');

-- --------------------------------------------------------

--
-- Table structure for table `departments`
--

CREATE TABLE `departments` (
  `dept_id` int(11) NOT NULL,
  `dept_name` varchar(50) DEFAULT NULL
) ENGINE=InnoDB DEFAULT CHARSET=utf8mb4 COLLATE=utf8mb4_general_ci;

--
-- Dumping data for table `departments`
--

INSERT INTO `departments` (`dept_id`, `dept_name`) VALUES
(1, 'HR'),
(2, 'Finance'),
(3, 'IT');

-- --------------------------------------------------------

--
-- Table structure for table `employees`
--

CREATE TABLE `employees` (
  `emp_id` int(11) NOT NULL,
  `emp_name` varchar(50) DEFAULT NULL,
  `dept_id` int(11) DEFAULT NULL,
  `salary` int(11) DEFAULT NULL,
  `last_modified` timestamp NOT NULL DEFAULT current_timestamp()
) ENGINE=InnoDB DEFAULT CHARSET=utf8mb4 COLLATE=utf8mb4_general_ci;

--
-- Dumping data for table `employees`
--

INSERT INTO `employees` (`emp_id`, `emp_name`, `dept_id`, `salary`, `last_modified`) VALUES
(101, 'Anita', 1, 55000, '2025-11-19 14:21:02'),
(102, 'Rahul', 2, 45000, '2025-11-19 14:21:02'),
(103, 'Meera', 3, 50000, '2025-11-19 14:21:02'),
(107, 'Suresh', 2, 48000, '2025-11-19 14:21:02');

--
-- Triggers `employees`
--
DELIMITER $$
CREATE TRIGGER `log_new_employee` AFTER INSERT ON `employees` FOR EACH ROW BEGIN
    INSERT INTO employee_log (emp_id, emp_name, action_performed)
    VALUES (NEW.emp_id, NEW.emp_name, 'INSERT');
END
$$
DELIMITER ;
DELIMITER $$
CREATE TRIGGER `update_last_modified` BEFORE UPDATE ON `employees` FOR EACH ROW BEGIN
    SET NEW.last_modified = CURRENT_TIMESTAMP;
END
$$
DELIMITER ;

-- --------------------------------------------------------

--
-- Stand-in structure for view `employee_department_view`
-- (See below for the actual view)
--
CREATE TABLE `employee_department_view` (
`emp_id` int(11)
,`emp_name` varchar(50)
,`salary` int(11)
,`dept_name` varchar(50)
);

-- --------------------------------------------------------

--
-- Table structure for table `employee_log`
--

CREATE TABLE `employee_log` (
  `log_id` int(11) NOT NULL,
  `emp_id` int(11) DEFAULT NULL,
  `emp_name` varchar(50) DEFAULT NULL,
  `action_performed` varchar(20) DEFAULT NULL,
  `log_time` timestamp NOT NULL DEFAULT current_timestamp()
) ENGINE=InnoDB DEFAULT CHARSET=utf8mb4 COLLATE=utf8mb4_general_ci;

-- --------------------------------------------------------

--
-- Structure for view `employee_department_view`
--
DROP TABLE IF EXISTS `employee_department_view`;

CREATE ALGORITHM=UNDEFINED DEFINER=`root`@`localhost` SQL SECURITY DEFINER VIEW `employee_department_view`  AS SELECT `e`.`emp_id` AS `emp_id`, `e`.`emp_name` AS `emp_name`, `e`.`salary` AS `salary`, `d`.`dept_name` AS `dept_name` FROM (`employees` `e` join `departments` `d` on(`e`.`dept_id` = `d`.`dept_id`)) WHERE `e`.`salary` >= 50000 ;

--
-- Indexes for dumped tables
--

--
-- Indexes for table `courses`
--
ALTER TABLE `courses`
  ADD PRIMARY KEY (`course_id`);

--
-- Indexes for table `departments`
--
ALTER TABLE `departments`
  ADD PRIMARY KEY (`dept_id`);

--
-- Indexes for table `employees`
--
ALTER TABLE `employees`
  ADD PRIMARY KEY (`emp_id`),
  ADD KEY `dept_id` (`dept_id`);

--
-- Indexes for table `employee_log`
--
ALTER TABLE `employee_log`
  ADD PRIMARY KEY (`log_id`);

--
-- AUTO_INCREMENT for dumped tables
--

--
-- AUTO_INCREMENT for table `employee_log`
--
ALTER TABLE `employee_log`
  MODIFY `log_id` int(11) NOT NULL AUTO_INCREMENT;

--
-- Constraints for dumped tables
--

--
-- Constraints for table `employees`
--
ALTER TABLE `employees`
  ADD CONSTRAINT `employees_ibfk_1` FOREIGN KEY (`dept_id`) REFERENCES `departments` (`dept_id`);
--
-- Database: `test`
--
CREATE DATABASE IF NOT EXISTS `test` DEFAULT CHARACTER SET latin1 COLLATE latin1_swedish_ci;
USE `test`;
--
-- Database: `university_db`
--
CREATE DATABASE IF NOT EXISTS `university_db` DEFAULT CHARACTER SET utf8mb4 COLLATE utf8mb4_general_ci;
USE `university_db`;
--
-- Database: `world_data`
--
CREATE DATABASE IF NOT EXISTS `world_data` DEFAULT CHARACTER SET utf8mb4 COLLATE utf8mb4_general_ci;
USE `world_data`;

-- --------------------------------------------------------

--
-- Table structure for table `city`
--

CREATE TABLE `city` (
  `id` int(11) NOT NULL,
  `city_name` varchar(100) DEFAULT NULL,
  `lat` decimal(10,6) DEFAULT NULL,
  `longitude` decimal(10,6) DEFAULT NULL,
  `country_id` int(11) DEFAULT NULL
) ENGINE=InnoDB DEFAULT CHARSET=utf8mb4 COLLATE=utf8mb4_general_ci;

--
-- Dumping data for table `city`
--

INSERT INTO `city` (`id`, `city_name`, `lat`, `longitude`, `country_id`) VALUES
(1, 'Berlin', 52.520008, 13.404954, 1),
(2, 'Belgrade', 44.787197, 20.457273, 2),
(3, 'Zagreb', 45.815399, 15.966568, 3),
(4, 'New York', 40.730610, -73.935242, 4),
(5, 'Los Angeles', 34.052235, -118.243683, 4),
(6, 'Warsaw', 52.237049, 21.017532, 5);

-- --------------------------------------------------------

--
-- Table structure for table `country`
--

CREATE TABLE `country` (
  `id` int(11) NOT NULL,
  `country_name` varchar(100) DEFAULT NULL,
  `country_name_eng` varchar(100) DEFAULT NULL,
  `country_code` varchar(10) DEFAULT NULL
) ENGINE=InnoDB DEFAULT CHARSET=utf8mb4 COLLATE=utf8mb4_general_ci;

--
-- Dumping data for table `country`
--

INSERT INTO `country` (`id`, `country_name`, `country_name_eng`, `country_code`) VALUES
(1, 'Deutschland', 'Germany', 'DEU'),
(2, 'Srbija', 'Serbia', 'SRB'),
(3, 'Hrvatska', 'Croatia', 'HRV'),
(4, 'United States of America', 'United States of America', 'USA'),
(5, 'Polska', 'Poland', 'POL'),
(6, 'España', 'Spain', 'ESP'),
(7, 'Rossiya', 'Russia', 'RUS');

-- --------------------------------------------------------

--
-- Table structure for table `customer`
--

CREATE TABLE `customer` (
  `id` int(11) NOT NULL,
  `customer_name` varchar(100) DEFAULT NULL,
  `city_id` int(11) DEFAULT NULL,
  `customer_address` varchar(150) DEFAULT NULL,
  `next_call_date` date DEFAULT NULL,
  `ts_inserted` datetime DEFAULT NULL
) ENGINE=InnoDB DEFAULT CHARSET=utf8mb4 COLLATE=utf8mb4_general_ci;

--
-- Dumping data for table `customer`
--

INSERT INTO `customer` (`id`, `customer_name`, `city_id`, `customer_address`, `next_call_date`, `ts_inserted`) VALUES
(1, 'Jewelry Store', 4, 'Long Street 120', '2020-01-21', '2020-01-09 14:01:20'),
(2, 'Bakery', 1, 'Kurfürstendamm 25', '2020-02-21', '2020-01-09 17:52:15'),
(3, 'Café', 1, 'Tauentzienstraße 44', '2020-01-21', '2020-01-10 08:02:49'),
(4, 'Restaurant', 3, 'Ulica Ipa 15', '2020-01-21', '2020-01-10 09:20:21');

--
-- Indexes for dumped tables
--

--
-- Indexes for table `city`
--
ALTER TABLE `city`
  ADD PRIMARY KEY (`id`),
  ADD KEY `country_id` (`country_id`);

--
-- Indexes for table `country`
--
ALTER TABLE `country`
  ADD PRIMARY KEY (`id`);

--
-- Indexes for table `customer`
--
ALTER TABLE `customer`
  ADD PRIMARY KEY (`id`),
  ADD KEY `city_id` (`city_id`);

--
-- Constraints for dumped tables
--

--
-- Constraints for table `city`
--
ALTER TABLE `city`
  ADD CONSTRAINT `city_ibfk_1` FOREIGN KEY (`country_id`) REFERENCES `country` (`id`);

--
-- Constraints for table `customer`
--
ALTER TABLE `customer`
  ADD CONSTRAINT `customer_ibfk_1` FOREIGN KEY (`city_id`) REFERENCES `city` (`id`);
COMMIT;

/*!40101 SET CHARACTER_SET_CLIENT=@OLD_CHARACTER_SET_CLIENT */;
/*!40101 SET CHARACTER_SET_RESULTS=@OLD_CHARACTER_SET_RESULTS */;
/*!40101 SET COLLATION_CONNECTION=@OLD_COLLATION_CONNECTION */;
